{"_runtime":144.558053217,"_step":0,"_wandb":{"runtime":144},"fid":507.12734080880773,"_timestamp":1.7379988062123208e+09}