{"examples":{"sha256":"68bc6bc9bba16bec06e6fa3dec976211aec7b73231c39461144f7071baed3a01","size":59305,"path":"media/images/examples_0_68bc6bc9bba16bec06e6.png","format":"png","width":530,"height":68,"_type":"image-file"},"_runtime":104.975366957,"_step":0,"_wandb":{"runtime":104},"fid":516.5557581674605,"_timestamp":1.737998959006936e+09}