{"_step":0,"fid":495.7493234964837,"_timestamp":1.7379979596110778e+09,"_wandb":{"runtime":397},"_runtime":397.67497417}